2418.jpg,1
1482.jpg,1
6152.jpg,1
1099.jpg,1
6164.jpg,1
9113.jpg,1
6522.jpg,1
9496.jpg,1
8903.jpg,1
8680.jpg,1
3138.jpg,1
6175.jpg,1
3895.jpg,1
5234.jpg,1
875.jpg,1
8750.jpg,1
9359.jpg,1
1850.jpg,1
8985.jpg,1
3920.jpg,1
8379.jpg,1
7377.jpg,1
4960.jpg,1
3530.jpg,1
2942.jpg,1
9810.jpg,1
1179.jpg,1
7776.jpg,1
6993.jpg,1
9214.jpg,1
4768.jpg,1
3465.jpg,1
2206.jpg,1
8739.jpg,1
5077.jpg,1
6616.jpg,1
8185.jpg,1
1059.jpg,1
485.jpg,1
8084.jpg,1
8854.jpg,1
1420.jpg,1
4386.jpg,1
3864.jpg,1
6336.jpg,1
4952.jpg,1
9352.jpg,1
5726.jpg,1
8802.jpg,1
5634.jpg,1
2371.jpg,1
4211.jpg,1
7719.jpg,1
5754.jpg,1
6391.jpg,1
9167.jpg,1
4311.jpg,1
5199.jpg,1
941.jpg,1
3187.jpg,1
6762.jpg,1
4726.jpg,1
8582.jpg,1
6102.jpg,1
3460.jpg,1
4122.jpg,1
3464.jpg,1
6679.jpg,1
6568.jpg,1
3731.jpg,1
6563.jpg,1
9440.jpg,1
2932.jpg,1
6789.jpg,1
3381.jpg,1
107.jpg,1
7607.jpg,1
4983.jpg,1
3532.jpg,1
3604.jpg,1
9957.jpg,1
9025.jpg,1
479.jpg,1
5256.jpg,1
4507.jpg,1
7926.jpg,1
4920.jpg,1
4479.jpg,1
2301.jpg,1
7318.jpg,1
1383.jpg,1
7917.jpg,1
9331.jpg,1
9358.jpg,1
7510.jpg,1
6017.jpg,1
1433.jpg,1
6386.jpg,1
5712.jpg,1
225.jpg,1
6083.jpg,1
2591.jpg,1
3728.jpg,1
4118.jpg,1
4588.jpg,1
8335.jpg,1
1225.jpg,1
9389.jpg,1
2451.jpg,1
4810.jpg,1
6524.jpg,1
5654.jpg,1
401.jpg,1
4642.jpg,1
5487.jpg,1
1620.jpg,1
5949.jpg,1
2010.jpg,1
7407.jpg,1
3833.jpg,1
409.jpg,1
116.jpg,1
4166.jpg,1
556.jpg,1
7633.jpg,1
7275.jpg,1
3478.jpg,1
762.jpg,1
8952.jpg,1
9730.jpg,1
3098.jpg,1
6733.jpg,1
9838.jpg,1
304.jpg,1
7582.jpg,1
8241.jpg,1
4371.jpg,1
6367.jpg,1
478.jpg,1
3508.jpg,1
4446.jpg,1
7396.jpg,1
5749.jpg,1
3512.jpg,1
3983.jpg,1
840.jpg,1
2996.jpg,1
7112.jpg,1
1087.jpg,1
8849.jpg,1
4303.jpg,1
8100.jpg,1
8645.jpg,1
1062.jpg,1
8646.jpg,1
416.jpg,1
4729.jpg,1
9766.jpg,1
9505.jpg,1
7593.jpg,1
8634.jpg,1
5958.jpg,1
9278.jpg,1
3374.jpg,1
5762.jpg,1
5910.jpg,1
8569.jpg,1
4205.jpg,1
3686.jpg,1
2130.jpg,1
9035.jpg,1
1071.jpg,1
5966.jpg,1
9163.jpg,1
8625.jpg,1
8149.jpg,1
4364.jpg,1
3359.jpg,1
8143.jpg,1
7438.jpg,1
7735.jpg,1
957.jpg,1
8741.jpg,1
738.jpg,1
7538.jpg,1
9164.jpg,1
1888.jpg,1
3123.jpg,1
2519.jpg,1
4267.jpg,1
5363.jpg,1
4107.jpg,1
3663.jpg,1
9038.jpg,1
2227.jpg,1
1484.jpg,1
9913.jpg,1
3544.jpg,1
7814.jpg,1
2188.jpg,1
508.jpg,1
7831.jpg,1
7598.jpg,1
683.jpg,1
1434.jpg,1
6199.jpg,1
7188.jpg,1
7382.jpg,1
3065.jpg,1
4209.jpg,1
9986.jpg,1
2860.jpg,1
4421.jpg,1
9908.jpg,1
3669.jpg,1
1464.jpg,1
4567.jpg,1
546.jpg,1
2914.jpg,1
4285.jpg,1
3774.jpg,1
1341.jpg,1
6294.jpg,1
6994.jpg,1
9594.jpg,1
6388.jpg,1
6532.jpg,1
619.jpg,1
5542.jpg,1
6412.jpg,1
1381.jpg,1
1078.jpg,1
7533.jpg,1
7608.jpg,1
7153.jpg,1
2859.jpg,1
6147.jpg,1
4082.jpg,1
5686.jpg,1
1591.jpg,1
2800.jpg,1
8341.jpg,1
9391.jpg,1
6726.jpg,1
6271.jpg,1
5125.jpg,1
2177.jpg,1
2688.jpg,1
1675.jpg,1
9488.jpg,1
5899.jpg,1
693.jpg,1
6354.jpg,1
2040.jpg,1
2718.jpg,1
2765.jpg,1
3373.jpg,1
2054.jpg,1
6151.jpg,1
9040.jpg,1
2933.jpg,1
6286.jpg,1
5870.jpg,1
4947.jpg,1
9243.jpg,1
4476.jpg,1
8327.jpg,1
4734.jpg,1
7820.jpg,1
4965.jpg,1
2855.jpg,1
3070.jpg,1
1319.jpg,1
7730.jpg,1
5401.jpg,1
2341.jpg,1
2073.jpg,1
9085.jpg,1
5760.jpg,1
2538.jpg,1
7185.jpg,1
1480.jpg,1
477.jpg,1
8551.jpg,1
8005.jpg,1
8707.jpg,1
7225.jpg,1
3868.jpg,1
9099.jpg,1
7716.jpg,1
7038.jpg,1
120.jpg,1
4063.jpg,1
4969.jpg,1
5057.jpg,1
6661.jpg,1
8583.jpg,1
3784.jpg,1
4881.jpg,1
6410.jpg,1
8450.jpg,1
886.jpg,1
338.jpg,1
9849.jpg,1
6253.jpg,1
9967.jpg,1
1052.jpg,1
2131.jpg,1
6466.jpg,1
6778.jpg,1
9226.jpg,1
8533.jpg,1
8392.jpg,1
951.jpg,1
6696.jpg,1
3849.jpg,1
1350.jpg,1
4217.jpg,1
8837.jpg,1
3909.jpg,1
7701.jpg,1
5119.jpg,1
1950.jpg,1
1293.jpg,1
1923.jpg,1
4673.jpg,1
8860.jpg,1
5670.jpg,1
2460.jpg,1
8751.jpg,1
4851.jpg,1
7266.jpg,1
6010.jpg,1
1575.jpg,1
7344.jpg,1
2586.jpg,1
7934.jpg,1
2351.jpg,1
170.jpg,1
1303.jpg,1
4809.jpg,1
1731.jpg,1
457.jpg,1
3094.jpg,1
8777.jpg,1
1853.jpg,1
9744.jpg,1
1085.jpg,1
4307.jpg,1
1839.jpg,1
4651.jpg,1
2706.jpg,1
3717.jpg,1
6939.jpg,1
8378.jpg,1
6996.jpg,1
6131.jpg,1
1177.jpg,1
4882.jpg,1
8785.jpg,1
4392.jpg,1
9718.jpg,1
8723.jpg,1
3525.jpg,1
2112.jpg,1
2041.jpg,1
6647.jpg,1
2915.jpg,1
3929.jpg,1
5946.jpg,1
5394.jpg,1
8554.jpg,1
9081.jpg,1
6065.jpg,1
4737.jpg,1
7568.jpg,1
5406.jpg,1
171.jpg,1
1039.jpg,1
1090.jpg,1
2548.jpg,1
2710.jpg,1
2931.jpg,1
1364.jpg,1
67.jpg,1
9468.jpg,1
1637.jpg,1
6710.jpg,1
8862.jpg,1
2391.jpg,1
7706.jpg,1
552.jpg,1
1102.jpg,1
9205.jpg,1
543.jpg,1
4018.jpg,1
8863.jpg,1
3824.jpg,1
2506.jpg,1
2689.jpg,1
2015.jpg,1
9158.jpg,1
6716.jpg,1
8898.jpg,1
398.jpg,1
1309.jpg,1
3405.jpg,1
1554.jpg,1
2059.jpg,1
932.jpg,1
3872.jpg,1
7565.jpg,1
4087.jpg,1
149.jpg,1
29.jpg,1
997.jpg,1
6299.jpg,1
8008.jpg,1
6741.jpg,1
4219.jpg,1
7223.jpg,1
7960.jpg,1
4843.jpg,1
2074.jpg,1
5745.jpg,1
3363.jpg,1
9477.jpg,1
5597.jpg,1
3819.jpg,1
5029.jpg,1
5242.jpg,1
4212.jpg,1
5099.jpg,1
3339.jpg,1
8974.jpg,1
4204.jpg,1
9456.jpg,1
5470.jpg,1
4165.jpg,1
1692.jpg,1
4493.jpg,1
9059.jpg,1
9219.jpg,1
4799.jpg,1
7268.jpg,1
5810.jpg,1
10.jpg,1
2530.jpg,1
4145.jpg,1
5592.jpg,1
6364.jpg,1
1257.jpg,1
223.jpg,1
7069.jpg,1
6126.jpg,1
4760.jpg,1
3493.jpg,1
6255.jpg,1
7676.jpg,1
2542.jpg,1
5518.jpg,1
8607.jpg,1
2026.jpg,1
3614.jpg,1
306.jpg,1
4039.jpg,1
6307.jpg,1
6900.jpg,1
5755.jpg,1
1091.jpg,1
7446.jpg,1
7872.jpg,1
2020.jpg,1
1120.jpg,1
6856.jpg,1
8336.jpg,1
7994.jpg,1
407.jpg,1
647.jpg,1
2786.jpg,1
4028.jpg,1
1970.jpg,1
5794.jpg,1
3571.jpg,1
5674.jpg,1
3631.jpg,1
1933.jpg,1
7234.jpg,1
6612.jpg,1
2940.jpg,1
9749.jpg,1
4339.jpg,1
8865.jpg,1
2248.jpg,1
6928.jpg,1
7347.jpg,1
9353.jpg,1
5963.jpg,1
6775.jpg,1
6000.jpg,1
857.jpg,1
7098.jpg,1
1408.jpg,1
7571.jpg,1
3232.jpg,1
1998.jpg,1
5414.jpg,1
3827.jpg,1
9437.jpg,1
8242.jpg,1
1693.jpg,1
1461.jpg,1
6287.jpg,1
8948.jpg,1
9676.jpg,1
4597.jpg,1
3670.jpg,1
3337.jpg,1
8293.jpg,1
4891.jpg,1
9951.jpg,1
6521.jpg,1
2928.jpg,1
6120.jpg,1
9096.jpg,1
9386.jpg,1
21.jpg,1
3976.jpg,1
2727.jpg,1
9372.jpg,1
2111.jpg,1
3548.jpg,1
4275.jpg,1
2848.jpg,1
3581.jpg,1
6105.jpg,1
9348.jpg,1
7364.jpg,1
3308.jpg,1
207.jpg,1
8281.jpg,1
7908.jpg,1
8338.jpg,1
4615.jpg,1
6008.jpg,1
8228.jpg,1
6148.jpg,1
1809.jpg,1
9087.jpg,1
8079.jpg,1
6835.jpg,1
9572.jpg,1
3722.jpg,1
2169.jpg,1
1992.jpg,1
6413.jpg,1
6484.jpg,1
2218.jpg,1
2359.jpg,1
1889.jpg,1
1870.jpg,1
630.jpg,1
4470.jpg,1
8042.jpg,1
3412.jpg,1
9909.jpg,1
8959.jpg,1
8925.jpg,1
3293.jpg,1
5701.jpg,1
529.jpg,1
2358.jpg,1
8720.jpg,1
1368.jpg,1
9489.jpg,1
747.jpg,1
7949.jpg,1
9360.jpg,1
7506.jpg,1
9516.jpg,1
4523.jpg,1
8746.jpg,1
7796.jpg,1
3637.jpg,1
8063.jpg,1
5174.jpg,1
75.jpg,1
612.jpg,1
2317.jpg,1
228.jpg,1
5822.jpg,1
6359.jpg,1
5022.jpg,1
2068.jpg,1
1109.jpg,1
8531.jpg,1
4182.jpg,1
2728.jpg,1
229.jpg,1
5332.jpg,1
22.jpg,1
3331.jpg,1
1340.jpg,1
6813.jpg,1
2722.jpg,1
9453.jpg,1
2889.jpg,1
6186.jpg,1
7061.jpg,1
1363.jpg,1
6070.jpg,1
7784.jpg,1
8926.jpg,1
7639.jpg,1
6674.jpg,1
7881.jpg,1
9188.jpg,1
1084.jpg,1
1273.jpg,1
1674.jpg,1
1384.jpg,1
5812.jpg,1
5175.jpg,1
3163.jpg,1
5668.jpg,1
7450.jpg,1
1719.jpg,1
4460.jpg,1
1231.jpg,1
5697.jpg,1
7595.jpg,1
9997.jpg,1
4756.jpg,1
8699.jpg,1
9233.jpg,1
3185.jpg,1
9494.jpg,1
2527.jpg,1
4859.jpg,1
5356.jpg,1
1380.jpg,1
4619.jpg,1
4029.jpg,1
8170.jpg,1
8253.jpg,1
8032.jpg,1
9940.jpg,1
5348.jpg,1
3116.jpg,1
3785.jpg,1
9965.jpg,1
7569.jpg,1
259.jpg,1
9631.jpg,1
9189.jpg,1
2934.jpg,1
3128.jpg,1
9924.jpg,1
4390.jpg,1
6788.jpg,1
2534.jpg,1
8249.jpg,1
1279.jpg,1
7854.jpg,1
6256.jpg,1
5823.jpg,1
2589.jpg,1
7119.jpg,1
9879.jpg,1
8922.jpg,1
5097.jpg,1
8812.jpg,1
521.jpg,1
5327.jpg,1
1398.jpg,1
9720.jpg,1
5626.jpg,1
2117.jpg,1
3555.jpg,1
5728.jpg,1
3261.jpg,1
7203.jpg,1
7102.jpg,1
1800.jpg,1
3458.jpg,1
9839.jpg,1
8329.jpg,1
9216.jpg,1
3249.jpg,1
5800.jpg,1
772.jpg,1
7768.jpg,1
1882.jpg,1
510.jpg,1
3643.jpg,1
9953.jpg,1
4116.jpg,1
586.jpg,1
4595.jpg,1
1573.jpg,1
4121.jpg,1
8099.jpg,1
5253.jpg,1
1023.jpg,1
8066.jpg,1
1559.jpg,1
4778.jpg,1
5337.jpg,1
856.jpg,1
2655.jpg,1
8201.jpg,1
1100.jpg,1
6426.jpg,1
6984.jpg,1
7594.jpg,1
6613.jpg,1
2988.jpg,1
969.jpg,1
5872.jpg,1
3370.jpg,1
878.jpg,1
9507.jpg,1
3748.jpg,1
509.jpg,1
5342.jpg,1
6176.jpg,1
4946.jpg,1
4354.jpg,1
4314.jpg,1
6385.jpg,1
5110.jpg,1
370.jpg,1
9635.jpg,1
1879.jpg,1
6306.jpg,1
6902.jpg,1
275.jpg,1
1135.jpg,1
6700.jpg,1
7366.jpg,1
5662.jpg,1
4679.jpg,1
522.jpg,1
7939.jpg,1
3001.jpg,1
5176.jpg,1
7602.jpg,1
6602.jpg,1
2587.jpg,1
5249.jpg,1
5945.jpg,1
889.jpg,1
6196.jpg,1
9187.jpg,1
8742.jpg,1
3379.jpg,1
3022.jpg,1
1025.jpg,1
2168.jpg,1
8301.jpg,1
1819.jpg,1
7062.jpg,1
916.jpg,1
415.jpg,1
3605.jpg,1
7846.jpg,1
49.jpg,1
1873.jpg,1
1265.jpg,1
7329.jpg,1
4022.jpg,1
1478.jpg,1
1640.jpg,1
7007.jpg,1
5371.jpg,1
6672.jpg,1
2794.jpg,1
5001.jpg,1
2572.jpg,1
9788.jpg,1
9781.jpg,1
4418.jpg,1
5095.jpg,1
9780.jpg,1
1299.jpg,1
3233.jpg,1
6292.jpg,1
2009.jpg,1
4723.jpg,1
1110.jpg,1
3888.jpg,1
141.jpg,1
8605.jpg,1
1485.jpg,1
3730.jpg,1
9569.jpg,1
3834.jpg,1
7652.jpg,1
844.jpg,1
3931.jpg,1
6244.jpg,1
1002.jpg,1
2976.jpg,1
1859.jpg,1
3272.jpg,1
9857.jpg,1
9564.jpg,1
9674.jpg,1
1537.jpg,1
4780.jpg,1
6531.jpg,1
7554.jpg,1
5600.jpg,1
9661.jpg,1
9295.jpg,1
6558.jpg,1
87.jpg,1
6846.jpg,1
77.jpg,1
8196.jpg,1
5101.jpg,1
1386.jpg,1
2305.jpg,1
2069.jpg,1
1357.jpg,1
9905.jpg,1
4733.jpg,1
4201.jpg,1
3957.jpg,1
810.jpg,1
6197.jpg,1
7997.jpg,1
99.jpg,1
3250.jpg,1
8528.jpg,1
825.jpg,1
6393.jpg,1
2761.jpg,1
8165.jpg,1
2978.jpg,1
851.jpg,1
4040.jpg,1
1860.jpg,1
3459.jpg,1
6456.jpg,1
1600.jpg,1
1144.jpg,1
8776.jpg,1
9518.jpg,1
7522.jpg,1
8386.jpg,1
9878.jpg,1
7773.jpg,1
2804.jpg,1
8310.jpg,1
6389.jpg,1
2428.jpg,1
3485.jpg,1
4320.jpg,1
4080.jpg,1
2596.jpg,1
264.jpg,1
3382.jpg,1
2746.jpg,1
767.jpg,1
9647.jpg,1
5283.jpg,1
3547.jpg,1
9008.jpg,1
5483.jpg,1
3954.jpg,1
9274.jpg,1
470.jpg,1
2066.jpg,1
7864.jpg,1
4242.jpg,1
1262.jpg,1
8279.jpg,1
2721.jpg,1
5912.jpg,1
4914.jpg,1
4636.jpg,1
2880.jpg,1
6680.jpg,1
4492.jpg,1
6317.jpg,1
2833.jpg,1
8538.jpg,1
3809.jpg,1
4508.jpg,1
2673.jpg,1
6193.jpg,1
9984.jpg,1
2822.jpg,1
3479.jpg,1
3456.jpg,1
9452.jpg,1
4939.jpg,1
5581.jpg,1
2873.jpg,1
3264.jpg,1
4546.jpg,1
7140.jpg,1
2485.jpg,1
6093.jpg,1
3230.jpg,1
3147.jpg,1
8893.jpg,1
124.jpg,1
4695.jpg,1
8942.jpg,1
7539.jpg,1
5492.jpg,1
9896.jpg,1
1403.jpg,1
3763.jpg,1
4243.jpg,1
8822.jpg,1
7350.jpg,1
8197.jpg,1
4912.jpg,1
4333.jpg,1
9160.jpg,1
8360.jpg,1
5111.jpg,1
905.jpg,1
1811.jpg,1
2349.jpg,1
3026.jpg,1
9275.jpg,1
7860.jpg,1
7472.jpg,1
1325.jpg,1
4565.jpg,1
1958.jpg,1
7421.jpg,1
9259.jpg,1
423.jpg,1
7319.jpg,1
9535.jpg,1
4276.jpg,1
1544.jpg,1
3889.jpg,1
4575.jpg,1
6402.jpg,1
8452.jpg,1
2851.jpg,1
4781.jpg,1
3270.jpg,1
2569.jpg,1
155.jpg,1
82.jpg,1
7036.jpg,1
8391.jpg,1
9875.jpg,1
4578.jpg,1
9179.jpg,1
5727.jpg,1
234.jpg,1
1198.jpg,1
6675.jpg,1
4821.jpg,1
2585.jpg,1
4871.jpg,1
756.jpg,1
8923.jpg,1
3143.jpg,1
7052.jpg,1
2378.jpg,1
2314.jpg,1
8766.jpg,1
6141.jpg,1
6590.jpg,1
1639.jpg,1
9919.jpg,1
3708.jpg,1
9716.jpg,1
4908.jpg,1
9439.jpg,1
2449.jpg,1
5543.jpg,1
1019.jpg,1
5330.jpg,1
8966.jpg,1
4160.jpg,1
2935.jpg,1
4188.jpg,1
270.jpg,1
1320.jpg,1
4933.jpg,1
3410.jpg,1
9273.jpg,1
2627.jpg,1
2711.jpg,1
3301.jpg,1
3607.jpg,1
6814.jpg,1
2209.jpg,1
6090.jpg,1
3891.jpg,1
3817.jpg,1
1549.jpg,1
3462.jpg,1
1192.jpg,1
2918.jpg,1
3921.jpg,1
5243.jpg,1
394.jpg,1
4555.jpg,1
2562.jpg,1
9434.jpg,1
3044.jpg,1
5582.jpg,1
9484.jpg,1
3299.jpg,1
2723.jpg,1
2645.jpg,1
8506.jpg,1
6970.jpg,1
4690.jpg,1
219.jpg,1
2344.jpg,1
1015.jpg,1
1185.jpg,1
863.jpg,1
4100.jpg,1
2901.jpg,1
3262.jpg,1
7087.jpg,1
3739.jpg,1
464.jpg,1
78.jpg,1
6909.jpg,1
103.jpg,1
9526.jpg,1
4340.jpg,1
4837.jpg,1
2143.jpg,1
7501.jpg,1
8576.jpg,1
6327.jpg,1
8915.jpg,1
9512.jpg,1
6950.jpg,1
7204.jpg,1
3688.jpg,1
1953.jpg,1
7979.jpg,1
3510.jpg,1
9830.jpg,1
6684.jpg,1
7349.jpg,1
1344.jpg,1
3801.jpg,1
1365.jpg,1
6702.jpg,1
3432.jpg,1
4828.jpg,1
4128.jpg,1
2018.jpg,1
5947.jpg,1
8956.jpg,1
2950.jpg,1
2985.jpg,1
8036.jpg,1
9930.jpg,1
3136.jpg,1
8825.jpg,1
8622.jpg,1
6157.jpg,1
1747.jpg,1
266.jpg,1
3538.jpg,1
7156.jpg,1
9385.jpg,1
7758.jpg,1
2380.jpg,1
9632.jpg,1
2729.jpg,1
6557.jpg,1
4401.jpg,1
2313.jpg,1
7713.jpg,1
5383.jpg,1
942.jpg,1
587.jpg,1
1574.jpg,1
8144.jpg,1
1165.jpg,1
496.jpg,1
588.jpg,1
4376.jpg,1
3475.jpg,1
3401.jpg,1
1169.jpg,1
327.jpg,1
2619.jpg,1
7191.jpg,1
5409.jpg,1
4148.jpg,1
5976.jpg,1
6541.jpg,1
7230.jpg,1
4377.jpg,1
989.jpg,1
2189.jpg,1
2306.jpg,1
1211.jpg,1
2814.jpg,1
3388.jpg,1
7584.jpg,1
4628.jpg,1
471.jpg,1
4948.jpg,1
4.jpg,1
6321.jpg,1
2698.jpg,1
9750.jpg,1
774.jpg,1
9485.jpg,1
3985.jpg,1
248.jpg,1
5201.jpg,1
2319.jpg,1
4630.jpg,1
6903.jpg,1
366.jpg,1
5156.jpg,1
50.jpg,1
1716.jpg,1
5203.jpg,1
1397.jpg,1
2184.jpg,1
1474.jpg,1
379.jpg,1
3031.jpg,1
6847.jpg,1
9515.jpg,1
9820.jpg,1
6246.jpg,1
3696.jpg,1
2361.jpg,1
9672.jpg,1
3552.jpg,1
6828.jpg,1
8564.jpg,1
6076.jpg,1
1540.jpg,1
5658.jpg,1
4380.jpg,1
434.jpg,1
5357.jpg,1
5621.jpg,1
3387.jpg,1
2970.jpg,1
9318.jpg,1
9561.jpg,1
891.jpg,1
7971.jpg,1
3959.jpg,1
7260.jpg,1
3940.jpg,1
3865.jpg,1
3217.jpg,1
9671.jpg,1
2461.jpg,1
2303.jpg,1
4553.jpg,1
1241.jpg,1
1036.jpg,1
6305.jpg,1
1354.jpg,1
6943.jpg,1
1771.jpg,1
7293.jpg,1
7262.jpg,1
2181.jpg,1
2870.jpg,1
7378.jpg,1
6160.jpg,1
9182.jpg,1
3002.jpg,1
7998.jpg,1
9373.jpg,1
6564.jpg,1
1778.jpg,1
1088.jpg,1
3083.jpg,1
9675.jpg,1
4287.jpg,1
6387.jpg,1
6139.jpg,1
3526.jpg,1
9042.jpg,1
2535.jpg,1
3177.jpg,1
8724.jpg,1
5695.jpg,1
5768.jpg,1
5471.jpg,1
3237.jpg,1
2730.jpg,1
5190.jpg,1
1576.jpg,1
7868.jpg,1
8708.jpg,1
9129.jpg,1
4970.jpg,1
1418.jpg,1
1805.jpg,1
1737.jpg,1
4332.jpg,1
4410.jpg,1
1009.jpg,1
2039.jpg,1
184.jpg,1
7660.jpg,1
3594.jpg,1
2769.jpg,1
9140.jpg,1
6009.jpg,1
4613.jpg,1
974.jpg,1
3958.jpg,1
8955.jpg,1
5019.jpg,1
1371.jpg,1
6400.jpg,1
8649.jpg,1
5177.jpg,1
5410.jpg,1
8526.jpg,1
8623.jpg,1
1358.jpg,1
1382.jpg,1
9823.jpg,1
51.jpg,1
2640.jpg,1
8507.jpg,1
8240.jpg,1
5058.jpg,1
6488.jpg,1
1844.jpg,1
5287.jpg,1
6471.jpg,1
2396.jpg,1
7984.jpg,1
6437.jpg,1
3063.jpg,1
7498.jpg,1
9438.jpg,1
6043.jpg,1
4937.jpg,1
1761.jpg,1
8590.jpg,1
2243.jpg,1
7546.jpg,1
9374.jpg,1
151.jpg,1
6777.jpg,1
2421.jpg,1
9795.jpg,1
307.jpg,1
4106.jpg,1
1981.jpg,1
3742.jpg,1
5288.jpg,1
4419.jpg,1
9190.jpg,1
9555.jpg,1
2605.jpg,1
7556.jpg,1
962.jpg,1
1342.jpg,1
1985.jpg,1
23.jpg,1
79.jpg,1
7380.jpg,1
9329.jpg,1
6689.jpg,1
1937.jpg,1
7978.jpg,1
439.jpg,1
1336.jpg,1
6848.jpg,1
5507.jpg,1
7954.jpg,1
3729.jpg,1
5580.jpg,1
5671.jpg,1
9162.jpg,1
7731.jpg,1
8782.jpg,1
1911.jpg,1
7345.jpg,1
7379.jpg,1
2288.jpg,1
9147.jpg,1
2686.jpg,1
6893.jpg,1
2763.jpg,1
9194.jpg,1
3795.jpg,1
3956.jpg,1
7146.jpg,1
2884.jpg,1
2078.jpg,1
2350.jpg,1
382.jpg,1
5188.jpg,1
7310.jpg,1
2190.jpg,1
7873.jpg,1
2871.jpg,1
8324.jpg,1
6885.jpg,1
494.jpg,1
6519.jpg,1
1701.jpg,1
1385.jpg,1
9375.jpg,1
9406.jpg,1
2690.jpg,1
6794.jpg,1
1107.jpg,1
5766.jpg,1
1275.jpg,1
8223.jpg,1
2185.jpg,1
3159.jpg,1
5706.jpg,1
134.jpg,1
9865.jpg,1
7665.jpg,1
9989.jpg,1
2008.jpg,1
934.jpg,1
2817.jpg,1
7217.jpg,1
8951.jpg,1
5644.jpg,1
7802.jpg,1
1745.jpg,1
5607.jpg,1
4909.jpg,1
326.jpg,1
5121.jpg,1
6520.jpg,1
2872.jpg,1
1694.jpg,1
1686.jpg,1
645.jpg,1
3984.jpg,1
8537.jpg,1
2684.jpg,1
4586.jpg,1
1375.jpg,1
4870.jpg,1
8017.jpg,1
4899.jpg,1
4795.jpg,1
7823.jpg,1
674.jpg,1
4475.jpg,1
4434.jpg,1
7409.jpg,1
1929.jpg,1
1525.jpg,1
4973.jpg,1
5887.jpg,1
1912.jpg,1
5236.jpg,1
8049.jpg,1
7497.jpg,1
663.jpg,1
2695.jpg,1
1013.jpg,1
2719.jpg,1
6685.jpg,1
1307.jpg,1
1106.jpg,1
3312.jpg,1
2392.jpg,1
9407.jpg,1
3504.jpg,1
9662.jpg,1
8818.jpg,1
2103.jpg,1
7804.jpg,1
66.jpg,1
5977.jpg,1
539.jpg,1
4957.jpg,1
553.jpg,1
1557.jpg,1
5523.jpg,1
5180.jpg,1
952.jpg,1
9659.jpg,1
5707.jpg,1
6968.jpg,1
2216.jpg,1
2106.jpg,1
9789.jpg,1
7800.jpg,1
1801.jpg,1
4645.jpg,1
2336.jpg,1
954.jpg,1
7499.jpg,1
4656.jpg,1
3455.jpg,1
8441.jpg,1
178.jpg,1
6143.jpg,1
6045.jpg,1
2254.jpg,1
2668.jpg,1
8472.jpg,1
6301.jpg,1
6567.jpg,1
7292.jpg,1
131.jpg,1
9393.jpg,1
806.jpg,1
5018.jpg,1
272.jpg,1
1258.jpg,1
1787.jpg,1
3417.jpg,1
5376.jpg,1
237.jpg,1
3279.jpg,1
1471.jpg,1
3271.jpg,1
9687.jpg,1
1523.jpg,1
8354.jpg,1
3572.jpg,1
2060.jpg,1
1379.jpg,1
95.jpg,1
9885.jpg,1
4443.jpg,1
3423.jpg,1
2283.jpg,1
4245.jpg,1
5239.jpg,1
1466.jpg,1
9250.jpg,1
558.jpg,1
538.jpg,1
735.jpg,1
3878.jpg,1
3328.jpg,1
9157.jpg,1
8262.jpg,1
1968.jpg,1
182.jpg,1
1827.jpg,1
6889.jpg,1
8650.jpg,1
9288.jpg,1
6635.jpg,1
7013.jpg,1
9321.jpg,1
490.jpg,1
9282.jpg,1
9027.jpg,1
1849.jpg,1
342.jpg,1
993.jpg,1
6718.jpg,1
4257.jpg,1
2743.jpg,1
7113.jpg,1
9304.jpg,1
9269.jpg,1
6300.jpg,1
8555.jpg,1
1227.jpg,1
7263.jpg,1
2502.jpg,1
7166.jpg,1
8387.jpg,1
4644.jpg,1
7661.jpg,1
3259.jpg,1
1038.jpg,1
9960.jpg,1
3424.jpg,1
4620.jpg,1
7502.jpg,1
5717.jpg,1
7938.jpg,1
5642.jpg,1
1020.jpg,1
7668.jpg,1
6088.jpg,1
4544.jpg,1
5456.jpg,1
7583.jpg,1
1599.jpg,1
8957.jpg,1
6836.jpg,1
3780.jpg,1
5643.jpg,1
5171.jpg,1
6997.jpg,1
5879.jpg,1
4779.jpg,1
6870.jpg,1
2315.jpg,1
6376.jpg,1
9151.jpg,1
302.jpg,1
194.jpg,1
3042.jpg,1
8150.jpg,1
8404.jpg,1
8877.jpg,1
8292.jpg,1
2191.jpg,1
5152.jpg,1
9831.jpg,1
3242.jpg,1
4291.jpg,1
9191.jpg,1
1661.jpg,1
9311.jpg,1
7603.jpg,1
1242.jpg,1
2258.jpg,1
2058.jpg,1
5043.jpg,1
5562.jpg,1
3746.jpg,1
939.jpg,1
174.jpg,1
2879.jpg,1
5845.jpg,1
5023.jpg,1
2455.jpg,1
3307.jpg,1
2027.jpg,1
4944.jpg,1
7283.jpg,1
8190.jpg,1
3856.jpg,1
9667.jpg,1
5957.jpg,1
7932.jpg,1
7058.jpg,1
119.jpg,1
5192.jpg,1
4500.jpg,1
545.jpg,1
3820.jpg,1
3554.jpg,1
8192.jpg,1
3941.jpg,1
3549.jpg,1
4005.jpg,1
3870.jpg,1
4055.jpg,1
4573.jpg,0
5082.jpg,0
591.jpg,0
2852.jpg,0
3446.jpg,0
4396.jpg,0
4472.jpg,0
6623.jpg,0
5405.jpg,0
435.jpg,0
1054.jpg,0
7063.jpg,0
6095.jpg,0
4633.jpg,0
8949.jpg,0
5965.jpg,0
2077.jpg,0
1123.jpg,0
6080.jpg,0
6355.jpg,0
7646.jpg,0
3754.jpg,0
1057.jpg,0
5070.jpg,0
6523.jpg,0
6406.jpg,0
1488.jpg,0
902.jpg,0
7589.jpg,0
5933.jpg,0
3960.jpg,0
7898.jpg,0
3413.jpg,0
5421.jpg,0
4304.jpg,0
1108.jpg,0
5513.jpg,0
8082.jpg,0
9146.jpg,0
9734.jpg,0
893.jpg,0
1394.jpg,0
4931.jpg,0
1218.jpg,0
2567.jpg,0
9917.jpg,0
8595.jpg,0
5407.jpg,0
3045.jpg,0
1785.jpg,0
4669.jpg,0
872.jpg,0
4800.jpg,0
6864.jpg,0
4765.jpg,0
5274.jpg,0
8686.jpg,0
2598.jpg,0
3899.jpg,0
3615.jpg,0
3698.jpg,0
3863.jpg,0
2987.jpg,0
6181.jpg,0
6113.jpg,0
6517.jpg,0
4280.jpg,0
9103.jpg,0
4903.jpg,0
8296.jpg,0
9387.jpg,0
7200.jpg,0
9698.jpg,0
5828.jpg,0
59.jpg,0
381.jpg,0
2379.jpg,0
3461.jpg,0
9347.jpg,0
1060.jpg,0
8380.jpg,0
3740.jpg,0
9170.jpg,0
9624.jpg,0
3563.jpg,0
9341.jpg,0
9010.jpg,0
5065.jpg,0
7348.jpg,0
6024.jpg,0
9961.jpg,0
5120.jpg,0
189.jpg,0
2661.jpg,0
4532.jpg,0
1022.jpg,0
8975.jpg,0
4110.jpg,0
2100.jpg,0
3431.jpg,0
9551.jpg,0
5602.jpg,0
7228.jpg,0
1989.jpg,0
9235.jpg,0
7272.jpg,0
6617.jpg,0
2823.jpg,0
7662.jpg,0
3162.jpg,0
9303.jpg,0
8927.jpg,0
592.jpg,0
5948.jpg,0
2600.jpg,0
1327.jpg,0
2412.jpg,0
1904.jpg,0
6905.jpg,0
3263.jpg,0
8251.jpg,0
6096.jpg,0
8166.jpg,0
8871.jpg,0
5255.jpg,0
2425.jpg,0
3231.jpg,0
3741.jpg,0
3247.jpg,0
3635.jpg,0
18.jpg,0
5838.jpg,0
3269.jpg,0
5281.jpg,0
5953.jpg,0
6731.jpg,0
4918.jpg,0
8421.jpg,0
4583.jpg,0
4571.jpg,0
424.jpg,0
1642.jpg,0
9821.jpg,0
9506.jpg,0
4625.jpg,0
5911.jpg,0
6182.jpg,0
3265.jpg,0
2994.jpg,0
8350.jpg,0
7280.jpg,0
3024.jpg,0
4416.jpg,0
1401.jpg,0
9920.jpg,0
5300.jpg,0
1808.jpg,0
4934.jpg,0
7091.jpg,0
1561.jpg,0
9585.jpg,0
3626.jpg,0
7806.jpg,0
8287.jpg,0
3697.jpg,0
5841.jpg,0
5711.jpg,0
1643.jpg,0
7181.jpg,0
8920.jpg,0
9111.jpg,0
1897.jpg,0
52.jpg,0
3323.jpg,0
6140.jpg,0
5917.jpg,0
7325.jpg,0
3840.jpg,0
1402.jpg,0
8918.jpg,0
7397.jpg,0
8314.jpg,0
8711.jpg,0
2093.jpg,0
2205.jpg,0
3306.jpg,0
5502.jpg,0
8431.jpg,0
978.jpg,0
271.jpg,0
3662.jpg,0
8113.jpg,0
6815.jpg,0
3006.jpg,0
3054.jpg,0
7551.jpg,0
3601.jpg,0
9844.jpg,0
1598.jpg,0
2137.jpg,0
7774.jpg,0
3097.jpg,0
2696.jpg,0
9738.jpg,0
1290.jpg,0
1205.jpg,0
6483.jpg,0
9936.jpg,0
2788.jpg,0
428.jpg,0
5849.jpg,0
981.jpg,0
5045.jpg,0
1823.jpg,0
5170.jpg,0
32.jpg,0
461.jpg,0
7194.jpg,0
9123.jpg,0
2881.jpg,0
1861.jpg,0
8819.jpg,0
4334.jpg,0
8207.jpg,0
4574.jpg,0
9717.jpg,0
8561.jpg,0
8256.jpg,0
6162.jpg,0
4719.jpg,0
2588.jpg,0
5086.jpg,0
300.jpg,0
2250.jpg,0
2180.jpg,0
7452.jpg,0
9260.jpg,0
9719.jpg,0
350.jpg,0
4372.jpg,0
4971.jpg,0
8626.jpg,0
1001.jpg,0
8809.jpg,0
1064.jpg,0
1280.jpg,0
2886.jpg,0
699.jpg,0
2541.jpg,0
3334.jpg,0
1283.jpg,0
2178.jpg,0
5563.jpg,0
959.jpg,0
1583.jpg,0
2225.jpg,0
3952.jpg,0
6052.jpg,0
8216.jpg,0
5655.jpg,0
9028.jpg,0
704.jpg,0
3290.jpg,0
1683.jpg,0
3202.jpg,0
2244.jpg,0
7763.jpg,0
3043.jpg,0
4083.jpg,0
2164.jpg,0
7197.jpg,0
1187.jpg,0
7410.jpg,0
9858.jpg,0
7151.jpg,0
2471.jpg,0
5589.jpg,0
4972.jpg,0
3419.jpg,0
3647.jpg,0
2539.jpg,0
6124.jpg,0
8995.jpg,0
2037.jpg,0
515.jpg,0
6797.jpg,0
8568.jpg,0
3480.jpg,0
4913.jpg,0
1281.jpg,0
5954.jpg,0
9361.jpg,0
9114.jpg,0
1601.jpg,0
3656.jpg,0
7417.jpg,0
430.jpg,0
238.jpg,0
822.jpg,0
896.jpg,0
7175.jpg,0
6308.jpg,0
6282.jpg,0
446.jpg,0
106.jpg,0
5950.jpg,0
3375.jpg,0
3234.jpg,0
6100.jpg,0
7314.jpg,0
4924.jpg,0
38.jpg,0
4138.jpg,0
6783.jpg,0
7550.jpg,0
1429.jpg,0
1112.jpg,0
3295.jpg,0
8326.jpg,0
507.jpg,0
8047.jpg,0
5048.jpg,0
5848.jpg,0
4904.jpg,0
2972.jpg,0
2712.jpg,0
2759.jpg,0
7677.jpg,0
2167.jpg,0
8679.jpg,0
217.jpg,0
7115.jpg,0
3835.jpg,0
9921.jpg,0
6833.jpg,0
9959.jpg,0
71.jpg,0
1129.jpg,0
1934.jpg,0
3896.jpg,0
4255.jpg,0
4854.jpg,0
8159.jpg,0
6601.jpg,0
1387.jpg,0
4178.jpg,0
468.jpg,0
9550.jpg,0
4531.jpg,0
7535.jpg,0
745.jpg,0
9061.jpg,0
4674.jpg,0
3592.jpg,0
7103.jpg,0
2620.jpg,0
9441.jpg,0
8661.jpg,0
3142.jpg,0
9029.jpg,0
1810.jpg,0
505.jpg,0
8685.jpg,0
5399.jpg,0
7464.jpg,0
349.jpg,0
4526.jpg,0
6745.jpg,0
6962.jpg,0
9472.jpg,0
1584.jpg,0
6233.jpg,0
2406.jpg,0
5981.jpg,0
9771.jpg,0
8886.jpg,0
8943.jpg,0
5631.jpg,0
480.jpg,0
315.jpg,0
6309.jpg,0
2599.jpg,0
6398.jpg,0
7476.jpg,0
7101.jpg,0
8941.jpg,0
5289.jpg,0
8413.jpg,0
1638.jpg,0
8604.jpg,0
6986.jpg,0
4696.jpg,0
6787.jpg,0
943.jpg,0
1215.jpg,0
2912.jpg,0
269.jpg,0
6304.jpg,0
6536.jpg,0
1905.jpg,0
5311.jpg,0
5312.jpg,0
6127.jpg,0
5926.jpg,0
4067.jpg,0
511.jpg,0
7732.jpg,0
2462.jpg,0
1635.jpg,0
3825.jpg,0
4897.jpg,0
6348.jpg,0
2614.jpg,0
4429.jpg,0
9121.jpg,0
3447.jpg,0
2944.jpg,0
7250.jpg,0
2779.jpg,0
2510.jpg,0
2854.jpg,0
4697.jpg,0
2691.jpg,0
3305.jpg,0
4572.jpg,0
2752.jpg,0
7579.jpg,0
8167.jpg,0
3367.jpg,0
5510.jpg,0
4054.jpg,0
3403.jpg,0
7066.jpg,0
2420.jpg,0
8813.jpg,0
2856.jpg,0
5486.jpg,0
1614.jpg,0
5787.jpg,0
4084.jpg,0
3640.jpg,0
3411.jpg,0
6732.jpg,0
6230.jpg,0
2621.jpg,0
547.jpg,0
6658.jpg,0
6850.jpg,0
7895.jpg,0
4088.jpg,0
4432.jpg,0
4172.jpg,0
1766.jpg,0
4412.jpg,0
177.jpg,0
2262.jpg,0
7312.jpg,0
3235.jpg,0
7387.jpg,0
2905.jpg,0
39.jpg,0
4247.jpg,0
8616.jpg,0
3095.jpg,0
9680.jpg,0
4251.jpg,0
5816.jpg,0
2622.jpg,0
4441.jpg,0
1994.jpg,0
4654.jpg,0
9846.jpg,0
4730.jpg,0
9684.jpg,0
4213.jpg,0
3533.jpg,0
7757.jpg,0
8366.jpg,0
4967.jpg,0
9330.jpg,0
8300.jpg,0
2174.jpg,0
3133.jpg,0
1876.jpg,0
5366.jpg,0
6371.jpg,0
6272.jpg,0
6714.jpg,0
3936.jpg,0
2697.jpg,0
2877.jpg,0
5155.jpg,0
871.jpg,0
2447.jpg,0
6722.jpg,0
7381.jpg,0
9910.jpg,0
7208.jpg,0
3165.jpg,0
1219.jpg,0
8510.jpg,0
3527.jpg,0
3542.jpg,0
6231.jpg,0
3214.jpg,0
2118.jpg,0
7418.jpg,0
820.jpg,0
7726.jpg,0
3420.jpg,0
7871.jpg,0
2272.jpg,0
2768.jpg,0
2064.jpg,0
8715.jpg,0
296.jpg,0
658.jpg,0
2830.jpg,0
9636.jpg,0
6247.jpg,0
3178.jpg,0
9109.jpg,0
9296.jpg,0
7540.jpg,0
1353.jpg,0
6019.jpg,0
7042.jpg,0
9442.jpg,0
3422.jpg,0
6566.jpg,0
5478.jpg,0
8769.jpg,0
1720.jpg,0
7797.jpg,0
8524.jpg,0
7511.jpg,0
3862.jpg,0
4646.jpg,0
6314.jpg,0
1797.jpg,0
5956.jpg,0
796.jpg,0
1723.jpg,0
2393.jpg,0
9845.jpg,0
7596.jpg,0
8965.jpg,0
2497.jpg,0
7330.jpg,0
7717.jpg,0
4262.jpg,0
2395.jpg,0
7808.jpg,0
7434.jpg,0
6911.jpg,0
833.jpg,0
6302.jpg,0
3483.jpg,0
2142.jpg,0
7597.jpg,0
3816.jpg,0
2834.jpg,0
9122.jpg,0
8325.jpg,0
5059.jpg,0
8905.jpg,0
9134.jpg,0
2540.jpg,0
7824.jpg,0
4652.jpg,0
3248.jpg,0
3917.jpg,0
2977.jpg,0
2561.jpg,0
2107.jpg,0
6936.jpg,0
159.jpg,0
113.jpg,0
4612.jpg,0
7637.jpg,0
3220.jpg,0
4747.jpg,0
9349.jpg,0
4150.jpg,0
2767.jpg,0
3766.jpg,0
5448.jpg,0
9528.jpg,0
4337.jpg,0
6965.jpg,0
5506.jpg,0
2595.jpg,0
3687.jpg,0
9316.jpg,0
1414.jpg,0
1168.jpg,0
6020.jpg,0
2869.jpg,0
233.jpg,0
9014.jpg,0
3404.jpg,0
2550.jpg,0
1065.jpg,0
1103.jpg,0
4698.jpg,0
6115.jpg,0
5699.jpg,0
7488.jpg,0
8902.jpg,0
7876.jpg,0
7678.jpg,0
8682.jpg,0
9165.jpg,0
1186.jpg,0
7798.jpg,0
7577.jpg,0
4978.jpg,0
1976.jpg,0
157.jpg,0
9954.jpg,0
6362.jpg,0
3951.jpg,0
8053.jpg,0
7561.jpg,0
268.jpg,0
5151.jpg,0
5696.jpg,0
9302.jpg,0
710.jpg,0
9922.jpg,0
2795.jpg,0
8924.jpg,0
9658.jpg,0
3543.jpg,0
1226.jpg,0
9045.jpg,0
1256.jpg,0
4297.jpg,0
6620.jpg,0
3797.jpg,0
9711.jpg,0
2151.jpg,0
2466.jpg,0
5221.jpg,0
1207.jpg,0
4720.jpg,0
1343.jpg,0
4097.jpg,0
5254.jpg,0
9782.jpg,0
7747.jpg,0
847.jpg,0
1847.jpg,0
2896.jpg,0
8687.jpg,0
7210.jpg,0
2757.jpg,0
7109.jpg,0
4449.jpg,0
1170.jpg,0
7972.jpg,0
6064.jpg,0
3391.jpg,0
6960.jpg,0
5546.jpg,0
8231.jpg,0
4883.jpg,0
6570.jpg,0
6995.jpg,0
7456.jpg,0
5738.jpg,0
5439.jpg,0
1658.jpg,0
3836.jpg,0
7402.jpg,0
7855.jpg,0
5856.jpg,0
4252.jpg,0
1012.jpg,0
9582.jpg,0
6721.jpg,0
7920.jpg,0
842.jpg,0
3723.jpg,0
8051.jpg,0
493.jpg,0
9427.jpg,0
3675.jpg,0
7825.jpg,0
7353.jpg,0
9678.jpg,0
7489.jpg,0
8355.jpg,0
1516.jpg,0
3611.jpg,0
7604.jpg,0
1337.jpg,0
3421.jpg,0
1845.jpg,0
1735.jpg,0
3183.jpg,0
5257.jpg,0
8064.jpg,0
2494.jpg,0
4274.jpg,0
4323.jpg,0
5598.jpg,0
8598.jpg,0
8110.jpg,0
7718.jpg,0
1729.jpg,0
1738.jpg,0
1577.jpg,0
8611.jpg,0
7813.jpg,0
1578.jpg,0
2290.jpg,0
4236.jpg,0
5166.jpg,0
1896.jpg,0
156.jpg,0
4149.jpg,0
5988.jpg,0
7792.jpg,0
7775.jpg,0
7570.jpg,0
2544.jpg,0
5431.jpg,0
8730.jpg,0
9345.jpg,0
3144.jpg,0
5672.jpg,0
4617.jpg,0
561.jpg,0
9586.jpg,0
7552.jpg,0
5836.jpg,0
7100.jpg,0
9589.jpg,0
3779.jpg,0
36.jpg,0
2280.jpg,0
8342.jpg,0
2623.jpg,0
2208.jpg,0
632.jpg,0
1314.jpg,0
2531.jpg,0
6527.jpg,0
6790.jpg,0
1558.jpg,0
737.jpg,0
2720.jpg,0
3204.jpg,0
3074.jpg,0
5588.jpg,0
2129.jpg,0
7414.jpg,0
1089.jpg,0
2731.jpg,0
2450.jpg,0
3266.jpg,0
9032.jpg,0
9868.jpg,0
1605.jpg,0
240.jpg,0
5784.jpg,0
6473.jpg,0
9254.jpg,0
1939.jpg,0
7116.jpg,0
5817.jpg,0
9726.jpg,0
4468.jpg,0
9599.jpg,0
4192.jpg,0
628.jpg,0
9520.jpg,0
6873.jpg,0
7209.jpg,0
2847.jpg,0
8804.jpg,0
6892.jpg,0
7107.jpg,0
6150.jpg,0
9580.jpg,0
8996.jpg,0
6229.jpg,0
2736.jpg,0
3082.jpg,0
7086.jpg,0
5968.jpg,0
975.jpg,0
7374.jpg,0
2945.jpg,0
5011.jpg,0
9265.jpg,0
5874.jpg,0
6780.jpg,0
2770.jpg,0
8565.jpg,0
7759.jpg,0
4767.jpg,0
4478.jpg,0
40.jpg,0
3550.jpg,0
9057.jpg,0
6153.jpg,0
7578.jpg,0
903.jpg,0
2374.jpg,0
5682.jpg,0
285.jpg,0
2273.jpg,0
7222.jpg,0
1096.jpg,0
1695.jpg,0
2417.jpg,0
562.jpg,0
3964.jpg,0
9517.jpg,0
6691.jpg,0
2811.jpg,0
2958.jpg,0
4872.jpg,0
2050.jpg,0
890.jpg,0
4641.jpg,0
4163.jpg,0
1741.jpg,0
6475.jpg,0
41.jpg,0
2352.jpg,0
7104.jpg,0
8904.jpg,0
8772.jpg,0
5094.jpg,0
5740.jpg,0
7941.jpg,0
6707.jpg,0
9652.jpg,0
3904.jpg,0
4935.jpg,0
5930.jpg,0
6310.jpg,0
7010.jpg,0
2513.jpg,0
9184.jpg,0
4256.jpg,0
6453.jpg,0
3313.jpg,0
1423.jpg,0
3209.jpg,0
5293.jpg,0
6194.jpg,0
1092.jpg,0
5420.jpg,0
7963.jpg,0
3818.jpg,0
2532.jpg,0
7580.jpg,0
5802.jpg,0
4315.jpg,0
6311.jpg,0
2070.jpg,0
7157.jpg,0
3053.jpg,0
6021.jpg,0
8221.jpg,0
3027.jpg,0
3568.jpg,0
757.jpg,0
7088.jpg,0
5122.jpg,0
3168.jpg,0
1450.jpg,0
3602.jpg,0
3386.jpg,0
6373.jpg,0
5741.jpg,0
8674.jpg,0
9832.jpg,0
6719.jpg,0
2422.jpg,0
8858.jpg,0
2400.jpg,0
9180.jpg,0
6257.jpg,0
5219.jpg,0
2965.jpg,0
7974.jpg,0
5617.jpg,0
8013.jpg,0
4659.jpg,0
8938.jpg,0
3926.jpg,0
8034.jpg,0
1121.jpg,0
7163.jpg,0
3389.jpg,0
6618.jpg,0
6533.jpg,0
7261.jpg,0
3699.jpg,0
6322.jpg,0
6795.jpg,0
968.jpg,0
8328.jpg,0
8463.jpg,0
317.jpg,0
6062.jpg,0
4670.jpg,0
9206.jpg,0
2632.jpg,0
8461.jpg,0
5633.jpg,0
3503.jpg,0
7714.jpg,0
1032.jpg,0
5328.jpg,0
1223.jpg,0
5545.jpg,0
4699.jpg,0
63.jpg,0
2036.jpg,0
6508.jpg,0
9848.jpg,0
8688.jpg,0
1541.jpg,0
9587.jpg,0
6063.jpg,0
5088.jpg,0
8278.jpg,0
1232.jpg,0
1274.jpg,0
4428.jpg,0
4802.jpg,0
5398.jpg,0
85.jpg,0
5275.jpg,0
2528.jpg,0
3821.jpg,0
1199.jpg,0
1938.jpg,0
9914.jpg,0
4170.jpg,0
2957.jpg,0
4237.jpg,0
6077.jpg,0
2075.jpg,0
2838.jpg,0
6365.jpg,0
8469.jpg,0
4420.jpg,0
9094.jpg,0
4395.jpg,0
5358.jpg,0
7214.jpg,0
402.jpg,0
2321.jpg,0
4326.jpg,0
6284.jpg,0
6215.jpg,0
9987.jpg,0
2397.jpg,0
7986.jpg,0
614.jpg,0
3977.jpg,0
2989.jpg,0
265.jpg,0
9577.jpg,0
6742.jpg,0
8451.jpg,0
8414.jpg,0
933.jpg,0
5298.jpg,0
4509.jpg,0
3441.jpg,0
6071.jpg,0
6032.jpg,0
8906.jpg,0
7178.jpg,0
4414.jpg,0
1221.jpg,0
1848.jpg,0
7875.jpg,0
6360.jpg,0
5857.jpg,0
5554.jpg,0
8092.jpg,0
4685.jpg,0
5509.jpg,0
6648.jpg,0
8866.jpg,0
9159.jpg,0
2616.jpg,0
1228.jpg,0
2047.jpg,0
2874.jpg,0
1627.jpg,0
4169.jpg,0
6982.jpg,0
2452.jpg,0
1424.jpg,0
6312.jpg,0
3205.jpg,0
9867.jpg,0
5541.jpg,0
1971.jpg,0
5426.jpg,0
1335.jpg,0
397.jpg,0
5005.jpg,0
9298.jpg,0
3055.jpg,0
7443.jpg,0
9923.jpg,0
6104.jpg,0
5051.jpg,0
8041.jpg,0
5535.jpg,0
6915.jpg,0
1268.jpg,0
9337.jpg,0
2818.jpg,0
9688.jpg,0
7368.jpg,0
7152.jpg,0
9995.jpg,0
995.jpg,0
9332.jpg,0
7964.jpg,0
5806.jpg,0
3079.jpg,0
3505.jpg,0
5036.jpg,0
474.jpg,0
3110.jpg,0
4850.jpg,0
2226.jpg,0
2113.jpg,0
8134.jpg,0
960.jpg,0
9075.jpg,0
9292.jpg,0
1315.jpg,0
2384.jpg,0
3781.jpg,0
7169.jpg,0
6353.jpg,0
8803.jpg,0
918.jpg,0
5798.jpg,0
7715.jpg,0
